Seq_ID,index,index2
P01,ATTACTCG,GGCTCTGA
P02,ATTACTCG,AGGCGAAG
P03,ATTACTCG,CAGGACGT
P04,TCCGGAGA,TATAGCCT
P05,TCCGGAGA,CCTATCCT
P06,TCCGGAGA,TAATCTTA
P07,TCCGGAGA,CAGGACGT
P08,CGCTCATT,TATAGCCT
P09,CGCTCATT,CCTATCCT
P10,CGCTCATT,AGGCGAAG
P11,CGCTCATT,TAATCTTA
P12,GAGATTCC,TATAGCCT
P13,GAGATTCC,CCTATCCT
P14,GAGATTCC,GGCTCTGA
P15,GAGATTCC,TAATCTTA
P16,GAGATTCC,CAGGACGT
P17,ATTCAGAA,AGGCGAAG
P18,AGCGATAG,GTACTGAC
P19,GAATTCGT,ATAGAGGC
P20,GAATTCGT,GGCTCTGA
P21,GAATTCGT,TAATCTTA
P22,GAATTCGT,CAGGACGT
P23,CTGAAGCT,TATAGCCT
P24,CTGAAGCT,ATAGAGGC
P25,CTGAAGCT,CCTATCCT
P26,CTGAAGCT,GGCTCTGA
P27,CTGAAGCT,TAATCTTA
P28,CTGAAGCT,GTACTGAC
P29,TAATGCGC,TATAGCCT
P30,TAATGCGC,ATAGAGGC
P31,TAATGCGC,GGCTCTGA
P32,TAATGCGC,AGGCGAAG
P33,TAATGCGC,CAGGACGT
P34,CGGCTATG,ATAGAGGC
P35,CGGCTATG,GGCTCTGA
P36,CGGCTATG,AGGCGAAG
P37,CGGCTATG,GTACTGAC
P38,TCCGCGAA,TATAGCCT
P39,TCCGCGAA,ATAGAGGC
P40,TCCGCGAA,CCTATCCT
P41,TCCGCGAA,GGCTCTGA
P42,TCTCGCGC,ATAGAGGC
P43,TCTCGCGC,CCTATCCT
P44,TCTCGCGC,GGCTCTGA
P45,AGCGATAG,TATAGCCT
P46,AGCGATAG,ATAGAGGC
P47,AGCGATAG,GGCTCTGA
P71,TCTCGCGC,AGGCGAAG
P72,TCTCGCGC,TAATCTTA
P73,TCTCGCGC,CAGGACGT
P74,TCTCGCGC,GTACTGAC
P75,AGCGATAG,AGGCGAAG
P76,AGCGATAG,TAATCTTA
P77,AACGTTCC,GGAGTACT
P78,AAGTCCAA,TATGAGTA
P79,AATCCGGA,CTACAGTT
P80,AGTTCAGG,CCAACAGA
P81,ATGAGGCC,GTTAATTG
P82,ATGTAAGT,ACTCTATG
P83,CAAGCTAG,ACATAGCG
P84,CCAAGTCT,AAGGATGA
P85,CCGCGGTT,AGCGCTAG
P86,CGGCGTGA,GCGCCTGT
P87,CTCTCGTC,TATAACCT
P88,GACCTGAA,TTGGTGAG
P89,GCACGGAC,GTCTCGCA
P90,GCAGAATT,ACCGGCCA
P91,GCTTGTCA,GAACATAC
P92,GGACTTGG,CGCAGACG
P93,GGCTTAAG,TCGTGACC
P94,GGTACCTT,AAGACGTC
P95,TAATACAG,ATATTCAC
P96,TCTCTACT,CGCGGTTC
P97,TGGATCGA,GTGCGATA
P98,TTATAACC,GATATCGA
P99,TTGGACTC,GGAAGCAG
